From,To,R_pu,X_pu,B_pu
1,2,0,0.50478,0
2,3,0,0.79118,0
1,3,0,0.10919,0
